id;first_nm;last_nm;middle_nm;email;phone_num;work_type;birth_dt
1;calculate Investment Account;Soft Investment Account port;innovative Realigned;Carey51@yahoo.com;leading-edge;withdrawal;2020-11-06T00:53:37
2;override;bypassing Home Indiana;Sleek;Michelle_Quitzon@hotmail.com;backing up;Berkshire Isle;2020-11-06T10:05:06
3;orchestrate Unbranded Granite Bacon Germany;internet solution Games Singapore;Connecticut Berkshire Wooden;Aisha35@yahoo.com;Directives alarm Jersey;time-frame Accounts;2020-11-05T23:08:14
4;Decentralized;Uzbekistan Fish;Devolved Identity;Jovanny.Okuneva@hotmail.com;Group;24 hour;2020-11-06T12:26:30
5;payment Infrastructure;Ergonomic Steel Bike;calculating initiatives bluetooth;Cedrick18@hotmail.com;Forward Shoes;Concrete;2020-11-06T09:08:42
6;back up Bedfordshire deliverables;Kids Checking Account;National;Casper65@gmail.com;Chair deposit;Personal Loan Account;2020-11-06T02:04:20
7;upward-trending;Executive sensor;Practical Wooden Towels;Graciela_Hansen53@yahoo.com;invoice;De-engineered redundant;2020-11-06T08:57:37
8;multi-state North Carolina;Gorgeous Baby Toys;Division;Sherman_Conroy69@gmail.com;SMTP Grass-roots Internal;Unbranded;2020-11-06T06:46:24
9;systems;feed deposit back up;Music;Alfonso.Conroy@hotmail.com;models;Incredible Cotton Chicken virtual Glen;2020-11-06T13:43:23
10;Legacy;circuit Administrator;Sports;Augustus9@gmail.com;Money Market Account withdrawal;Tasty Fresh Chips;2020-11-05T15:05:43
